Workbook

Sheet Summary
A1: UniCell (Tang Nano 20K) against ESP32: measured results side by side
A2: Both devices measured on the same bench with the same wires and a Tang counter (27 MHz) as the clock for the ESP32's answer time. Each row says which side it applies to and the real time and clock count. Nothing here is a guess; see sheets for sources. Ledger #1233.
A5: Question | B5: UniCell: value | C5: UniCell: unit | D5: ESP32: value | E5: ESP32: unit | F5: UniCell in ESP32 cycles / ESP32 in Tang clocks | G5: What it shows | H5: Where from
A6: Answer time after an edge: the logic's own part | B6: ='T2-T3 UniCell latency'!N5 -> 0.2962963 | C6: us (8 clocks, fixed) | D6: =AVERAGEIFS('C1 v2-v3 runs'!L5:L26,'C1 v2-v3 runs'!F5:F26,"c1_quiet",'C1 v2-v3 runs'!D5:D26,"ON") -> 1.9064815 | E6: us avg, quiet, loop on | F6: =B6*Settings!$B$4 -> 71.111111 | G6: UniCell's own part is a constant 8 clocks, same idle and busy. The ESP32 figure is its interrupt answer (rising edge to answer pin) averaged over quiet loop-on runs; it has a spread (min-max in the runs sheet). | H6: T2 sheet; C1 v2-v3 runs
A7: Answer time after an edge: UniCell including the 1 ms sampling wait (average) | B7: ='T2-T3 UniCell latency'!K5 -> 504.01481 | C7: us avg (0 - 1,000 us range) | D7: =AVERAGEIFS('C1 v2-v3 runs'!L5:L26,'C1 v2-v3 runs'!F5:F26,"c1_quiet",'C1 v2-v3 runs'!D5:D26,"ON") -> 1.9064815 | E7: us avg, quiet, loop on | F7: =D7*Settings!$B$3 -> 51.475 | G7: In direct sensor mode the UniCell only looks once per millisecond, so its average edge-to-result is about half a millisecond; the ESP32's interrupt answers in about 2 us. At the edge the ESP32 wins on average time. | H7: T2 sheet; C1 v2-v3 runs
A8: Answer time: worst case seen | B8: ='T2-T3 UniCell latency'!J5 -> 999 | C8: us (max over 2,048 events) | D8: =MAX('C1 v2-v3 runs'!N5:N26) -> 23.851852 | E8: us (max over all C1 v2-v3 runs) | F8: =D8*Settings!$B$3 -> 644 | G8: UniCell worst case is bounded by the sampling window (1 ms). ESP32 worst case grew to about 24 us when the interrupt storm carried 20 us of work per interrupt. | H8: T2 sheet; C1 v2-v3 runs
A9: Does load change the answer? (quiet -> storm) | B9: none | C9: own part 8 clocks in idle and busy builds | D9: =AVERAGEIFS('C1 v2-v3 runs'!L5:L26,'C1 v2-v3 runs'!F5:F26,"c1_storm",'C1 v2-v3 runs'!E5:E26,6)/AVERAGEIFS('C1 v2-v3 runs'!L5:L26,'C1 v2-v3 runs'!F5:F26,"c1_quiet",'C1 v2-v3 runs'!E5:E26,6) -> 1.1275104 | E9: x avg answer time, storm / quiet (6 us work) | G9: UniCell: the load is inside the chip and its answer time did not move (same min and max). ESP32: the same interrupt takes longer with a storm (about 1.1x with 6 us of work, about 2.7x with 20 us), and the tail grows. | H9: T2 sheet; C1 v2-v3 runs
A10: Edges the device did not answer in storm runs (total, all storm runs) | B10: n/a | C10: not applicable: UniCell has no handler to miss (no counter for this was built) | D10: =SUMIFS('C1 v2-v3 runs'!K5:K26,'C1 v2-v3 runs'!F5:F26,"c1_storm") -> 12 | E10: unanswered edges | G10: Quiet runs: no unanswered edge in 11 runs. Storm runs: 0 to 3 per run of 4,096 events. Level-check sketch v3 matched each unanswered edge with a missing handler run. Cause of the missing run is not known. | H10: C1 v2-v3 runs
A11: Share of answers slower than 10 us, storm with 20 us work | B11: n/a | D11: =SUMIFS('C1 v2-v3 runs'!S5:S26,'C1 v2-v3 runs'!F5:F26,"c1_storm",'C1 v2-v3 runs'!E5:E26,20)/SUMIFS('C1 v2-v3 runs'!H5:H26,'C1 v2-v3 runs'!F5:F26,"c1_storm",'C1 v2-v3 runs'!E5:E26,20)+SUMIFS('C1 v2-v3 runs'!T5:T26,'C1 v2-v3 runs'!F5:F26,"c1_storm",'C1 v2-v3 runs'!E5:E26,20)/SUMIFS('C1 v2-v3 runs'!H5:H26,'C1 v2-v3 runs'!F5:F26,"c1_storm",'C1 v2-v3 runs'!E5:E26,20) -> 0.18734734 | E11: of answers (10-50 us buckets) | G11: The ESP32's answer time spreads out under heavy interrupt load; the UniCell's own part cannot spread. | H11: C1 v2-v3 runs
A12: Shortest pulse caught every time (512 of 512) | B12: =INDEX('T4 UniCell pulse'!A5:A16,2) -> 1000 | C12: us (= 27,000 clocks, the sampling window) | D12: =INDEX('P1 ESP32 pulse'!A5:A16,COUNTIFS('P1 ESP32 pulse'!G5:G16,1))/1000 -> 0.037 | E12: us (shortest width with 100% caught, quiet) | F12: =B12*Settings!$B$4 -> 240000 | G12: UniCell in direct sensor mode is certain only for pulses at least 1 ms long; shorter pulses are caught with probability width / 1 ms. The ESP32 caught every pulse down to the shortest the Tang can send (1 clock = 37 ns) when quiet. The 37 ns floor is the narrowest pulse the Tang can send, so the ESP32 limit is not found. | H12: T4 sheet; P1 sheet
A13: Pulses caught: 100 us wide (percent) | B13: =INDEX('T4 UniCell pulse'!G5:G16,6) -> 0.08203125 | C13: of 512 pulses | D13: =INDEX('P1 ESP32 pulse'!G5:G16,1) -> 1 | E13: of 512 pulses (quiet) | G13: At 100 us the UniCell sees about 8% of pulses and the ESP32 all of them. | H13: T4 sheet; P1 sheet
A14: Pulses caught under storm, all widths together | B14: (same as idle: no load effect) | D14: ='P1 ESP32 pulse'!H17 -> 0.99951172 | E14: of 6,144 pulses | G14: Under the storm the ESP32 missed 3 of 6,144 pulses (widths 100 us, 5 us, 148 ns); the UniCell build with a busy load caught exactly the same pulses as idle. | H14: T4 sheet; P1 sheet
A15: Throughput of 8 threads on one core vs one thread (slowdown of the watched job) | B15: flat (131 clocks, alone, beside storm lanes, 4 copies) | D15: ='C2 ESP32 threads'!F8 -> 8.0232452 | E15: x slower on one core | G15: Each device compared with itself. ESP32: eight threads stretch the watched job eightfold; the second core doubles total throughput. UniCell: the same job takes 131 clocks regardless of neighbours (up to 8 storm lanes or 4 copies tested). | H15: C2 sheet; ledger #1180/#1181
A17: Scope and honest limits
A18: 1. UniCell edge response was measured in direct sensor mode (1 ms sampling) only. A faster sampling stage was not examined.
A19: 2. ESP32 numbers are for the plain Arduino interrupt (attachInterrupt, IRAM handler) at 240 MHz, not a hand-tuned assembly handler.
A20: 3. Tang clock counts have 37 ns resolution; ESP32 answer times are therefore reported to about 0.04 us at best.
A21: 4. Missed edges under storm: cause unknown. Each missed edge matched a missing handler run (v3 sketch evidence); the reason the handler did not run has not been established.
A22: 5. One board of each, one bench, one afternoon; repeated runs show how the storm result varies (0 to 3 unanswered per run), so single runs should not be read as exact rates.
A23: 6. This comparison is about the UniCell at its edges (input sampling) and the ESP32 inside (interrupts and threads). The UniCell internals under load were measured separately (T1/T4, 131 clocks every time).

Sheet Settings
A1: Settings: the two clocks
A3: Tang Nano 20K clock (MHz) | B3: 27 | C3: Board oscillator: 1 clock = 37.04 ns. Every Tang time in this book is a clock count divided by this.
A4: ESP32 CPU clock (MHz) | B4: 240 | C4: ESP32 CPU clock as set for these runs (240 MHz). Change it here and every cycle figure follows.
A6: Tang ns per clock | B6: =1000/Settings!$B$3 -> 37.037037
A7: ESP32 ns per cycle | B7: =1000/Settings!$B$4 -> 4.1666667
A8: Clock ratio ESP32 / Tang | B8: =Settings!$B$4/Settings!$B$3 -> 8.8888889
A10: Yellow cells are inputs (blue = typed from a source, black = formula, green = link to another sheet). Alan's idea that the flex designs run at half clock is NOT used: it is not written in the notes; the Tang times here use the 27 MHz clock the counters actually ran on.

Sheet T2-T3 UniCell latency
A1: T2 / T3: UniCell response to an edge (counted on the Tang, 27 MHz clock)
A2: Direct sensor mode samples the input once per 1 ms (27,000 clocks). Column 'own part' is the design after the sample.
A4: Test | B4: Build | C4: Load running | D4: Events | E4: Time-outs | F4: Edge->result min (clk) | G4: Edge->result max (clk) | H4: Edge->result avg (clk) | I4: Edge->result min (us) | J4: Edge->result max (us) | K4: Edge->result avg (us) | L4: Own part min (clk) | M4: Own part max (clk) | N4: Own part (us) | O4: Own part in ESP32 cycles (same time) | P4: Both-input events | Q4: Source file
A5: T2 rising | B5: lat_busy | C5: yes | D5: 2048 | E5: 0 | F5: 18 | G5: 26973 | H5: 13608.4 | I5: =F5/Settings!$B$3 -> 0.66666667 | J5: =G5/Settings!$B$3 -> 999 | K5: =H5/Settings!$B$3 -> 504.01481 | L5: 8 | M5: 8 | N5: =L5/Settings!$B$3 -> 0.2962963 | O5: =N5*Settings!$B$4 -> 71.111111 | Q5: fpga/board_tests_latency_v2/card_run_18oct/board_results.txt
A6: T2 rising | B6: lat_idle | C6: no | D6: 2048 | E6: 0 | F6: 18 | G6: 26973 | H6: 13608.4 | I6: =F6/Settings!$B$3 -> 0.66666667 | J6: =G6/Settings!$B$3 -> 999 | K6: =H6/Settings!$B$3 -> 504.01481 | L6: 8 | M6: 8 | N6: =L6/Settings!$B$3 -> 0.2962963 | O6: =N6*Settings!$B$4 -> 71.111111 | Q6: fpga/board_tests_latency_v2/card_run_18oct/board_results.txt
A7: T2 falling | B7: lat_busy | C7: yes | D7: 2048 | E7: 0 | F7: 16 | G7: 27000 | H7: 14016.8 | I7: =F7/Settings!$B$3 -> 0.59259259 | J7: =G7/Settings!$B$3 -> 1000 | K7: =H7/Settings!$B$3 -> 519.14074 | L7: 8 | M7: 8 | N7: =L7/Settings!$B$3 -> 0.2962963 | O7: =N7*Settings!$B$4 -> 71.111111 | Q7: fpga/board_tests_latency_v2/card_run_18oct/board_results.txt
A8: T2 falling | B8: lat_idle | C8: no | D8: 2048 | E8: 0 | F8: 16 | G8: 27000 | H8: 14016.8 | I8: =F8/Settings!$B$3 -> 0.59259259 | J8: =G8/Settings!$B$3 -> 1000 | K8: =H8/Settings!$B$3 -> 519.14074 | L8: 8 | M8: 8 | N8: =L8/Settings!$B$3 -> 0.2962963 | O8: =N8*Settings!$B$4 -> 71.111111 | Q8: fpga/board_tests_latency_v2/card_run_18oct/board_results.txt
A9: T3 one input | B9: lt3_busy | C9: yes | D9: 2048 | E9: 0 | F9: 14 | G9: 26970 | H9: 13639.1 | I9: =F9/Settings!$B$3 -> 0.51851852 | J9: =G9/Settings!$B$3 -> 998.88889 | K9: =H9/Settings!$B$3 -> 505.15185 | L9: 8 | M9: 8 | N9: =L9/Settings!$B$3 -> 0.2962963 | O9: =N9*Settings!$B$4 -> 71.111111 | Q9: fpga/board_tests_latency3/card_run_18oct/board_results.txt
A10: T3 one input | B10: lt3_idle | C10: no | D10: 2048 | E10: 0 | F10: 14 | G10: 26970 | H10: 13639.1 | I10: =F10/Settings!$B$3 -> 0.51851852 | J10: =G10/Settings!$B$3 -> 998.88889 | K10: =H10/Settings!$B$3 -> 505.15185 | L10: 8 | M10: 8 | N10: =L10/Settings!$B$3 -> 0.2962963 | O10: =N10*Settings!$B$4 -> 71.111111 | Q10: fpga/board_tests_latency3/card_run_18oct/board_results.txt
A11: T3 both inputs | B11: lt3_busy | C11: yes | D11: 2048 | E11: 0 | F11: 2075 | G11: 87605 | H11: 46768.8 | I11: =F11/Settings!$B$3 -> 76.851852 | J11: =G11/Settings!$B$3 -> 3244.6296 | K11: =H11/Settings!$B$3 -> 1732.1778 | L11: 8 | M11: 8 | N11: =L11/Settings!$B$3 -> 0.2962963 | O11: =N11*Settings!$B$4 -> 71.111111 | P11: 307 | Q11: fpga/board_tests_latency3/card_run_18oct/board_results.txt
A12: T3 both inputs | B12: lt3_idle | C12: no | D12: 2048 | E12: 0 | F12: 2075 | G12: 87605 | H12: 46768.8 | I12: =F12/Settings!$B$3 -> 76.851852 | J12: =G12/Settings!$B$3 -> 3244.6296 | K12: =H12/Settings!$B$3 -> 1732.1778 | L12: 8 | M12: 8 | N12: =L12/Settings!$B$3 -> 0.2962963 | O12: =N12*Settings!$B$4 -> 71.111111 | P12: 307 | Q12: fpga/board_tests_latency3/card_run_18oct/board_results.txt
A14: Reading: 'Own part' is identical (8 clocks, min = max) in idle and busy builds, so the load did not change it. Edge->result includes waiting for the next 1 ms sample, so it spans about 0 to 1,000 us; for 'both inputs' it also includes the gap between the two edges.

Sheet C1 v1 ESP32 answer
A1: C1 version 1: how fast the ESP32 answers an edge from the Tang (answer time counted by the Tang, 27 MHz)
A2: Typed from the result lines recorded in ledger #1214-#1216 (files in fpga/board_tests_c1/card_run_18oct). Clock counts are the originals.
A4: Run | B4: ESP32 compute loop | C4: Tang build | D4: Events | E4: Time-outs | F4: Rise min (clk) | G4: Rise max (clk) | H4: Rise avg (clk) | I4: Fall min (clk) | J4: Fall max (clk) | K4: Fall avg (clk) | L4: Rise avg (us) | M4: Fall avg (us) | N4: Max (us) | O4: Avg in ESP32 cycles (rise) | P4: < 2 us | Q4: 2-5 us | R4: 5-10 us | S4: 10-20 us | T4: 20-50 us | U4: >= 50 us | V4: Share >= 2 us | W4: Share >= 5 us | X4: Source file
A5: A | B5: ON | C5: c1_quiet (no storm) | D5: 4096 | E5: 0 | F5: 32 | G5: 110 | H5: 51.2 | I5: 36 | J5: 111 | K5: 52.2 | L5: =H5/Settings!$B$3 -> 1.8962963 | M5: =K5/Settings!$B$3 -> 1.9333333 | N5: =MAX(G5,J5)/Settings!$B$3 -> 4.1111111 | O5: =L5*Settings!$B$4 -> 455.11111 | P5: 4031 | Q5: 65 | R5: 0 | S5: 0 | T5: 0 | U5: 0 | V5: =SUM(Q5:U5)/SUM(P5:U5) -> 0.015869141 | W5: =SUM(R5:U5)/SUM(P5:U5) -> 0 | X5: fpga/board_tests_c1/card_run_18oct/loopON_run2/board_results_loopON.txt
A6: B | B6: ON | C6: c1_storm (storm) | D6: 4096 | E6: 1 | F6: 20 | G6: 252 | H6: 58.6 | I6: 1 | J6: 210 | K6: 58.9 | L6: =H6/Settings!$B$3 -> 2.1703704 | M6: =K6/Settings!$B$3 -> 2.1814815 | N6: =MAX(G6,J6)/Settings!$B$3 -> 9.3333333 | O6: =L6*Settings!$B$4 -> 520.88889 | P6: 3611 | Q6: 315 | R6: 169 | S6: 0 | T6: 0 | U6: 0 | V6: =SUM(Q6:U6)/SUM(P6:U6) -> 0.11819292 | W6: =SUM(R6:U6)/SUM(P6:U6) -> 0.041269841 | X6: fpga/board_tests_c1/card_run_18oct/loopON_run2/board_results_loopON.txt
A7: C | B7: OFF | C7: c1_quiet (no storm) | D7: 4096 | E7: 0 | F7: 51 | G7: 172 | H7: 56.4 | I7: 30 | J7: 170 | K7: 56.9 | L7: =H7/Settings!$B$3 -> 2.0888889 | M7: =K7/Settings!$B$3 -> 2.1074074 | N7: =MAX(G7,J7)/Settings!$B$3 -> 6.3703704 | O7: =L7*Settings!$B$4 -> 501.33333 | P7: 12 | Q7: 4076 | R7: 8 | S7: 0 | T7: 0 | U7: 0 | V7: =SUM(Q7:U7)/SUM(P7:U7) -> 0.99707031 | W7: =SUM(R7:U7)/SUM(P7:U7) -> 0.001953125 | X7: fpga/board_tests_c1/card_run_18oct/loopOFF/board_results_loopOFF.txt
A8: D | B8: OFF | C8: c1_storm (storm) | D8: 4096 | E8: 2 | F8: 1 | G8: 216 | H8: 62.7 | I8: 1 | J8: 209 | K8: 63.4 | L8: =H8/Settings!$B$3 -> 2.3222222 | M8: =K8/Settings!$B$3 -> 2.3481481 | N8: =MAX(G8,J8)/Settings!$B$3 -> 8 | O8: =L8*Settings!$B$4 -> 557.33333 | P8: 194 | Q8: 3708 | R8: 192 | S8: 0 | T8: 0 | U8: 0 | V8: =SUM(Q8:U8)/SUM(P8:U8) -> 0.95261358 | W8: =SUM(R8:U8)/SUM(P8:U8) -> 0.046897899 | X8: fpga/board_tests_c1/card_run_18oct/loopOFF/board_results_loopOFF.txt
A10: A 1-clock minimum in runs B and D is a stopwatch artifact after an unanswered edge (ledger #1215, #1216); those events sit in '< 2 us'. Run A/B storm build: ledger #1214 found no storm reaching the ESP32 in its first storm run (wire), so only #1215/#1216 storm numbers are used.

Sheet C1 v2-v3 runs
A1: C1 versions 2 and 3: every run, quiet and storm (answer time counted by the Tang, 27 MHz; storm = ESP32 pin IO21 edges every 26-102 us)
A2: All values parsed from the saved result files by tools/make_comparison_sheet_v1.py. Unanswered = Tang waited and the ESP32 never changed the answer pin.
A4: Ledger | B4: Run label | C4: Sketch | D4: ESP32 compute loop | E4: Storm work per interrupt (us) | F4: Tang build | G4: Result | H4: Timed events | I4: Unanswered rising | J4: Unanswered falling | K4: Unanswered total | L4: Rise avg (us) | M4: Fall avg (us) | N4: Max (us) | O4: Avg in ESP32 cycles (rise) | P4: < 2 us | Q4: 2-5 us | R4: 5-10 us | S4: 10-20 us | T4: 20-50 us | U4: >= 50 us | V4: Share >= 5 us | W4: Share >= 10 us | X4: ESP32 edge-handler runs | Y4: ESP32 storm interrupts | Z4: Source file
A5: 1219 | B5: loopON | C5: v2 | D5: OFF | E5: 6 | F5: c1_quiet | G5: P | H5: 4096 | I5: 0 | J5: 0 | K5: =I5+J5 -> 0 | L5: =56.4/Settings!$B$3 -> 2.0888889 | M5: =57.5/Settings!$B$3 -> 2.1296296 | N5: =MAX(168,177)/Settings!$B$3 -> 6.5555556 | O5: =L5*Settings!$B$4 -> 501.33333 | P5: 21 | Q5: 4062 | R5: 13 | S5: 0 | T5: 0 | U5: 0 | V5: =SUM(R5:U5)/SUM(P5:U5) -> 0.0031738281 | W5: =SUM(S5:U5)/SUM(P5:U5) -> 0 | X5: 4113 | Y5: 1 | Z5: fpga/board_tests_c1_v2/card_run_18oct_loopON/board_results_on.txt
A6: 1219 | B6: loopON | C6: v2 | D6: OFF | E6: 6 | F6: c1_storm | G6: F | H6: 4090 | I6: 0 | J6: 3 | K6: =I6+J6 -> 3 | L6: =62.2/Settings!$B$3 -> 2.3037037 | M6: =62.2/Settings!$B$3 -> 2.3037037 | N6: =MAX(208,210)/Settings!$B$3 -> 7.7777778 | O6: =L6*Settings!$B$4 -> 552.88889 | P6: 200 | Q6: 3724 | R6: 166 | S6: 0 | T6: 0 | U6: 0 | V6: =SUM(R6:U6)/SUM(P6:U6) -> 0.040586797 | W6: =SUM(S6:U6)/SUM(P6:U6) -> 0 | X6: 4110 | Y6: 148964 | Z6: fpga/board_tests_c1_v2/card_run_18oct_loopON/board_results_on.txt
A7: 1220 | B7: loop1 | C7: v2 | D7: ON | E7: 6 | F7: c1_quiet | G7: P | H7: 4096 | I7: 0 | J7: 0 | K7: =I7+J7 -> 0 | L7: =51.4/Settings!$B$3 -> 1.9037037 | M7: =52.2/Settings!$B$3 -> 1.9333333 | N7: =MAX(110,111)/Settings!$B$3 -> 4.1111111 | O7: =L7*Settings!$B$4 -> 456.88889 | P7: 4005 | Q7: 91 | R7: 0 | S7: 0 | T7: 0 | U7: 0 | V7: =SUM(R7:U7)/SUM(P7:U7) -> 0 | W7: =SUM(S7:U7)/SUM(P7:U7) -> 0 | X7: 4113 | Y7: 1 | Z7: fpga/board_tests_c1_v2/card_run_18oct_loop1/board_results_on.txt
A8: 1220 | B8: loop1 | C8: v2 | D8: ON | E8: 6 | F8: c1_storm | G8: P | H8: 4096 | I8: 0 | J8: 0 | K8: =I8+J8 -> 0 | L8: =57.7/Settings!$B$3 -> 2.137037 | M8: =57.5/Settings!$B$3 -> 2.1296296 | N8: =MAX(228,209)/Settings!$B$3 -> 8.4444444 | O8: =L8*Settings!$B$4 -> 512.88889 | P8: 3672 | Q8: 276 | R8: 148 | S8: 0 | T8: 0 | U8: 0 | V8: =SUM(R8:U8)/SUM(P8:U8) -> 0.036132812 | W8: =SUM(S8:U8)/SUM(P8:U8) -> 0 | X8: 4113 | Y8: 147972 | Z8: fpga/board_tests_c1_v2/card_run_18oct_loop1/board_results_on.txt
A9: 1221 | B9: loop1_b | C9: v2 | D9: ON | E9: 6 | F9: c1_quiet | G9: P | H9: 4096 | I9: 0 | J9: 0 | K9: =I9+J9 -> 0 | L9: =51.2/Settings!$B$3 -> 1.8962963 | M9: =52.3/Settings!$B$3 -> 1.937037 | N9: =MAX(110,111)/Settings!$B$3 -> 4.1111111 | O9: =L9*Settings!$B$4 -> 455.11111 | P9: 4026 | Q9: 70 | R9: 0 | S9: 0 | T9: 0 | U9: 0 | V9: =SUM(R9:U9)/SUM(P9:U9) -> 0 | W9: =SUM(S9:U9)/SUM(P9:U9) -> 0 | X9: 0 | Y9: 0 | Z9: fpga/board_tests_c1_v2/card_run_18oct_loop1_b/board_results_on.txt
A10: 1221 | B10: loop1_b | C10: v2 | D10: ON | E10: 6 | F10: c1_storm | G10: F | H10: 4090 | I10: 1 | J10: 2 | K10: =I10+J10 -> 3 | L10: =59.2/Settings!$B$3 -> 2.1925926 | M10: =59.8/Settings!$B$3 -> 2.2148148 | N10: =MAX(248,208)/Settings!$B$3 -> 9.1851852 | O10: =L10*Settings!$B$4 -> 526.22222 | P10: 3572 | Q10: 317 | R10: 201 | S10: 0 | T10: 0 | U10: 0 | V10: =SUM(R10:U10)/SUM(P10:U10) -> 0.049144254 | W10: =SUM(S10:U10)/SUM(P10:U10) -> 0 | X10: 4110 | Y10: 148401 | Z10: fpga/board_tests_c1_v2/card_run_18oct_loop1_b/board_results_on.txt
A11: 1222 | B11: w20a | C11: v2 | D11: not logged | E11: 20 | F11: c1_quiet | G11: P | H11: 4096 | I11: 0 | J11: 0 | K11: =I11+J11 -> 0 | L11: =51.3/Settings!$B$3 -> 1.9 | M11: =52.5/Settings!$B$3 -> 1.9444444 | N11: =MAX(110,118)/Settings!$B$3 -> 4.3703704 | O11: =L11*Settings!$B$4 -> 456 | P11: 4005 | Q11: 91 | R11: 0 | S11: 0 | T11: 0 | U11: 0 | V11: =SUM(R11:U11)/SUM(P11:U11) -> 0 | W11: =SUM(S11:U11)/SUM(P11:U11) -> 0 | Z11: fpga/board_tests_c1_v2/card_run_18oct_w20a/board_results_w20a.txt
A12: 1222 | B12: w20a | C12: v2 | D12: not logged | E12: 20 | F12: c1_storm | G12: F | H12: 4094 | I12: 0 | J12: 1 | K12: =I12+J12 -> 1 | L12: =137.9/Settings!$B$3 -> 5.1074074 | M12: =137.8/Settings!$B$3 -> 5.1037037 | N12: =MAX(609,597)/Settings!$B$3 -> 22.555556 | O12: =L12*Settings!$B$4 -> 1225.7778 | P12: 2682 | Q12: 297 | R12: 332 | S12: 656 | T12: 127 | U12: 0 | V12: =SUM(R12:U12)/SUM(P12:U12) -> 0.27234978 | W12: =SUM(S12:U12)/SUM(P12:U12) -> 0.1912555 | Z12: fpga/board_tests_c1_v2/card_run_18oct_w20a/board_results_w20a.txt
A13: 1223 | B13: w20b | C13: v2 | D13: ON | E13: 20 | F13: c1_quiet | G13: P | H13: 4096 | I13: 0 | J13: 0 | K13: =I13+J13 -> 0 | L13: =51.3/Settings!$B$3 -> 1.9 | M13: =52.3/Settings!$B$3 -> 1.937037 | N13: =MAX(110,111)/Settings!$B$3 -> 4.1111111 | O13: =L13*Settings!$B$4 -> 456 | P13: 4008 | Q13: 88 | R13: 0 | S13: 0 | T13: 0 | U13: 0 | V13: =SUM(R13:U13)/SUM(P13:U13) -> 0 | W13: =SUM(S13:U13)/SUM(P13:U13) -> 0 | X13: 4113 | Y13: 1 | Z13: fpga/board_tests_c1_v2/card_run_18oct_w20b/board_results_w20b.txt
A14: 1223 | B14: w20b | C14: v2 | D14: ON | E14: 20 | F14: c1_storm | G14: F | H14: 4094 | I14: 1 | J14: 0 | K14: =I14+J14 -> 1 | L14: =136.8/Settings!$B$3 -> 5.0666667 | M14: =134.1/Settings!$B$3 -> 4.9666667 | N14: =MAX(594,597)/Settings!$B$3 -> 22.111111 | O14: =L14*Settings!$B$4 -> 1216 | P14: 2739 | Q14: 260 | R14: 334 | S14: 649 | T14: 112 | U14: 0 | V14: =SUM(R14:U14)/SUM(P14:U14) -> 0.26746458 | W14: =SUM(S14:U14)/SUM(P14:U14) -> 0.18588178 | X14: 4112 | Y14: 148776 | Z14: fpga/board_tests_c1_v2/card_run_18oct_w20b/board_results_w20b.txt
A15: 1226 | B15: v3a | C15: v3 | D15: ON | E15: 6 | F15: c1_quiet | G15: P | H15: 4096 | I15: 0 | J15: 0 | K15: =I15+J15 -> 0 | L15: =51.6/Settings!$B$3 -> 1.9111111 | M15: =51.6/Settings!$B$3 -> 1.9111111 | N15: =MAX(110,110)/Settings!$B$3 -> 4.0740741 | O15: =L15*Settings!$B$4 -> 458.66667 | P15: 3984 | Q15: 112 | R15: 0 | S15: 0 | T15: 0 | U15: 0 | V15: =SUM(R15:U15)/SUM(P15:U15) -> 0 | W15: =SUM(S15:U15)/SUM(P15:U15) -> 0 | X15: 4113 | Y15: 1 | Z15: fpga/board_tests_c1_v2/card_run_18oct_v3a/board_results_v3a.txt
A16: 1226 | B16: v3a | C16: v3 | D16: ON | E16: 6 | F16: c1_storm | G16: F | H16: 4094 | I16: 1 | J16: 0 | K16: =I16+J16 -> 1 | L16: =57.9/Settings!$B$3 -> 2.1444444 | M16: =58.3/Settings!$B$3 -> 2.1592593 | N16: =MAX(213,209)/Settings!$B$3 -> 7.8888889 | O16: =L16*Settings!$B$4 -> 514.66667 | P16: 3597 | Q16: 324 | R16: 173 | S16: 0 | T16: 0 | U16: 0 | V16: =SUM(R16:U16)/SUM(P16:U16) -> 0.042256961 | W16: =SUM(S16:U16)/SUM(P16:U16) -> 0 | X16: 4113 | Y16: 149787 | Z16: fpga/board_tests_c1_v2/card_run_18oct_v3a/board_results_v3a.txt
A17: 1227 | B17: v3b | C17: v3 | D17: ON | E17: 6 | F17: c1_quiet | G17: P | H17: 4096 | I17: 0 | J17: 0 | K17: =I17+J17 -> 0 | L17: =51.6/Settings!$B$3 -> 1.9111111 | M17: =51.5/Settings!$B$3 -> 1.9074074 | N17: =MAX(110,94)/Settings!$B$3 -> 4.0740741 | O17: =L17*Settings!$B$4 -> 458.66667 | P17: 3972 | Q17: 124 | R17: 0 | S17: 0 | T17: 0 | U17: 0 | V17: =SUM(R17:U17)/SUM(P17:U17) -> 0 | W17: =SUM(S17:U17)/SUM(P17:U17) -> 0 | X17: 4113 | Y17: 1 | Z17: fpga/board_tests_c1_v2/card_run_18oct_v3b/board_results_v3b.txt
A18: 1227 | B18: v3b | C18: v3 | D18: ON | E18: 6 | F18: c1_storm | G18: P | H18: 4096 | I18: 0 | J18: 0 | K18: =I18+J18 -> 0 | L18: =58.2/Settings!$B$3 -> 2.1555556 | M18: =58.9/Settings!$B$3 -> 2.1814815 | N18: =MAX(248,263)/Settings!$B$3 -> 9.7407407 | O18: =L18*Settings!$B$4 -> 517.33333 | P18: 3592 | Q18: 323 | R18: 181 | S18: 0 | T18: 0 | U18: 0 | V18: =SUM(R18:U18)/SUM(P18:U18) -> 0.044189453 | W18: =SUM(S18:U18)/SUM(P18:U18) -> 0 | X18: 4113 | Y18: 149279 | Z18: fpga/board_tests_c1_v2/card_run_18oct_v3b/board_results_v3b.txt
A19: 1228 | B19: v3c | C19: v3 | D19: ON | E19: 6 | F19: c1_quiet | G19: P | H19: 4096 | I19: 0 | J19: 0 | K19: =I19+J19 -> 0 | L19: =51.5/Settings!$B$3 -> 1.9074074 | M19: =51.6/Settings!$B$3 -> 1.9111111 | N19: =MAX(110,167)/Settings!$B$3 -> 6.1851852 | O19: =L19*Settings!$B$4 -> 457.77778 | P19: 3978 | Q19: 117 | R19: 1 | S19: 0 | T19: 0 | U19: 0 | V19: =SUM(R19:U19)/SUM(P19:U19) -> 0.00024414062 | W19: =SUM(S19:U19)/SUM(P19:U19) -> 0 | X19: 4113 | Y19: 1 | Z19: fpga/board_tests_c1_v2/card_run_18oct_v3c/board_results_v3c.txt
A20: 1228 | B20: v3c | C20: v3 | D20: ON | E20: 6 | F20: c1_storm | G20: P | H20: 4096 | I20: 0 | J20: 0 | K20: =I20+J20 -> 0 | L20: =58.5/Settings!$B$3 -> 2.1666667 | M20: =58.4/Settings!$B$3 -> 2.162963 | N20: =MAX(208,216)/Settings!$B$3 -> 8 | O20: =L20*Settings!$B$4 -> 520 | P20: 3579 | Q20: 330 | R20: 187 | S20: 0 | T20: 0 | U20: 0 | V20: =SUM(R20:U20)/SUM(P20:U20) -> 0.045654297 | W20: =SUM(S20:U20)/SUM(P20:U20) -> 0 | X20: 4113 | Y20: 149419 | Z20: fpga/board_tests_c1_v2/card_run_18oct_v3c/board_results_v3c.txt
A21: 1229 | B21: v3d | C21: v3 | D21: ON | E21: 20 | F21: c1_quiet | G21: P | H21: 4096 | I21: 0 | J21: 0 | K21: =I21+J21 -> 0 | L21: =51.7/Settings!$B$3 -> 1.9148148 | M21: =51.5/Settings!$B$3 -> 1.9074074 | N21: =MAX(110,110)/Settings!$B$3 -> 4.0740741 | O21: =L21*Settings!$B$4 -> 459.55556 | P21: 3979 | Q21: 117 | R21: 0 | S21: 0 | T21: 0 | U21: 0 | V21: =SUM(R21:U21)/SUM(P21:U21) -> 0 | W21: =SUM(S21:U21)/SUM(P21:U21) -> 0 | X21: 4098 | Y21: 0 | Z21: fpga/board_tests_c1_v2/card_run_18oct_v3d/board_results_v3d.txt
A22: 1229 | B22: v3d | C22: v3 | D22: ON | E22: 20 | F22: c1_storm | G22: F | H22: 4094 | I22: 1 | J22: 0 | K22: =I22+J22 -> 1 | L22: =135.3/Settings!$B$3 -> 5.0111111 | M22: =134.1/Settings!$B$3 -> 4.9666667 | N22: =MAX(636,604)/Settings!$B$3 -> 23.555556 | O22: =L22*Settings!$B$4 -> 1202.6667 | P22: 2724 | Q22: 306 | R22: 305 | S22: 644 | T22: 115 | U22: 0 | V22: =SUM(R22:U22)/SUM(P22:U22) -> 0.25989253 | W22: =SUM(S22:U22)/SUM(P22:U22) -> 0.18539326 | X22: 4112 | Y22: 149303 | Z22: fpga/board_tests_c1_v2/card_run_18oct_v3d/board_results_v3d.txt
A23: 1230 | B23: v3d_b | C23: v3 | D23: ON | E23: 20 | F23: c1_quiet | G23: P | H23: 4096 | I23: 0 | J23: 0 | K23: =I23+J23 -> 0 | L23: =51.5/Settings!$B$3 -> 1.9074074 | M23: =51.6/Settings!$B$3 -> 1.9111111 | N23: =MAX(113,110)/Settings!$B$3 -> 4.1851852 | O23: =L23*Settings!$B$4 -> 457.77778 | P23: 4002 | Q23: 94 | R23: 0 | S23: 0 | T23: 0 | U23: 0 | V23: =SUM(R23:U23)/SUM(P23:U23) -> 0 | W23: =SUM(S23:U23)/SUM(P23:U23) -> 0 | X23: 4113 | Y23: 1 | Z23: fpga/board_tests_c1_v2/card_run_18oct_v3d_b/board_results_v3d.txt
A24: 1230 | B24: v3d_b | C24: v3 | D24: ON | E24: 20 | F24: c1_storm | G24: F | H24: 4092 | I24: 1 | J24: 1 | K24: =I24+J24 -> 2 | L24: =134.4/Settings!$B$3 -> 4.9777778 | M24: =133/Settings!$B$3 -> 4.9259259 | N24: =MAX(644,613)/Settings!$B$3 -> 23.851852 | O24: =L24*Settings!$B$4 -> 1194.6667 | P24: 2728 | Q24: 304 | R24: 308 | S24: 646 | T24: 106 | U24: 0 | V24: =SUM(R24:U24)/SUM(P24:U24) -> 0.25904203 | W24: =SUM(S24:U24)/SUM(P24:U24) -> 0.18377322 | X24: 4112 | Y24: 149622 | Z24: fpga/board_tests_c1_v2/card_run_18oct_v3d_b/board_results_v3d.txt
A25: 1231 | B25: v3e | C25: v3 | D25: OFF | E25: 20 | F25: c1_quiet | G25: P | H25: 4096 | I25: 0 | J25: 0 | K25: =I25+J25 -> 0 | L25: =57/Settings!$B$3 -> 2.1111111 | M25: =57/Settings!$B$3 -> 2.1111111 | N25: =MAX(149,160)/Settings!$B$3 -> 5.9259259 | O25: =L25*Settings!$B$4 -> 506.66667 | P25: 9 | Q25: 4074 | R25: 13 | S25: 0 | T25: 0 | U25: 0 | V25: =SUM(R25:U25)/SUM(P25:U25) -> 0.0031738281 | W25: =SUM(S25:U25)/SUM(P25:U25) -> 0 | X25: 4113 | Y25: 1 | Z25: fpga/board_tests_c1_v2/card_run_18oct_v3e/board_results_v3e.txt
A26: 1231 | B26: v3e | C26: v3 | D26: OFF | E26: 20 | F26: c1_storm | G26: P | H26: 4096 | I26: 0 | J26: 0 | K26: =I26+J26 -> 0 | L26: =140.4/Settings!$B$3 -> 5.2 | M26: =142.7/Settings!$B$3 -> 5.2851852 | N26: =MAX(633,644)/Settings!$B$3 -> 23.851852 | O26: =L26*Settings!$B$4 -> 1248 | P26: 166 | Q26: 2831 | R26: 319 | S26: 643 | T26: 137 | U26: 0 | V26: =SUM(R26:U26)/SUM(P26:U26) -> 0.26831055 | W26: =SUM(S26:U26)/SUM(P26:U26) -> 0.19042969 | X26: 4113 | Y26: 148429 | Z26: fpga/board_tests_c1_v2/card_run_18oct_v3e/board_results_v3e.txt
A28: Notes: #1222 had no ESP32 log (port flag missing) so loop state and handler counts are not logged. In #1221 and #1229 the quiet ESP32 count is a capture shortfall, not lost edges (ledger #1221, #1229). The compute loop was OFF in #1219 (folder name says loopON by mistake) and #1231. Storm = 'c1_storm' builds. Units: Rise/Fall avg and Max in us are clock counts divided by the Tang clock in Settings.

Sheet C2 ESP32 threads
A1: C2: ESP32 threads against the watched job (ledger #1213) and the Tang counterpart
A2: Each device compared with itself (single thread against several). Numbers typed from ledger #1213; Tang counterpart from #1180/#1181 (T1/T4).
A4: Case | B4: Cores used | C4: Threads | D4: Watched job avg (us) | E4: Jobs per second (all cores) | F4: Slowdown vs 1 thread | G4: Watched job in ESP32 cycles | H4: Source
A5: 1 thread | B5: core 1 | C5: 1 | D5: 4388 | E5: 227 | F5: =D5/$D$5 -> 1 | G5: =D5*Settings!$B$4 -> 1053120 | H5: ledger #1213
A6: 2 threads, one core | B6: core 1 | C6: 2 | D6: 8806 | E6: 226 | F6: =D6/$D$5 -> 2.0068368 | G6: =D6*Settings!$B$4 -> 2113440 | H6: ledger #1213
A7: 4 threads, one core | B7: core 1 | C7: 4 | D7: 17606 | E7: 226 | F7: =D7/$D$5 -> 4.0123063 | G7: =D7*Settings!$B$4 -> 4225440 | H7: ledger #1213
A8: 8 threads, one core | B8: core 1 | C8: 8 | D8: 35206 | E8: 226 | F8: =D8/$D$5 -> 8.0232452 | G8: =D8*Settings!$B$4 -> 8449440 | H8: ledger #1213
A9: 2 threads, both cores | B9: both | C9: 2 | D9: 4412 | E9: 453 | F9: =D9/$D$5 -> 1.0054695 | G9: =D9*Settings!$B$4 -> 1058880 | H9: ledger #1213
A10: 4 threads, both cores | B10: both | C10: 4 | D10: 8812 | E10: 453 | F10: =D10/$D$5 -> 2.0082042 | G10: =D10*Settings!$B$4 -> 2114880 | H10: ledger #1213
A11: 8 threads, both cores | B11: both | C11: 8 | D11: 17606 | E11: 453 | F11: =D11/$D$5 -> 4.0123063 | G11: =D11*Settings!$B$4 -> 4225440 | H11: ledger #1213
A14: Tang counterpart (T1/T4, ledger #1180, #1181): the same small job took
A15: Clocks, alone / beside 4 and 8 storm lanes / 4 copies at once | D15: 131
A16: Time (us) | D16: =D15/Settings!$B$3 -> 4.8518519
A17: Not the same job as the ESP32's (different size), so only the flatness is compared, not the absolute speed.

Sheet T4 UniCell pulse
A1: T4: how short a pulse the UniCell input catches (512 pulses per width, Tang drives itself via the jumper)
A2: Caught chance should be about width / 27,000 clocks (the 1 ms sampling window), up to 100%.
A4: Width (us) | B4: Width (clocks) | C4: Width in ESP32 cycles | D4: Idle build caught | E4: Busy build caught | F4: Pulses per width | G4: Idle caught % | H4: Busy caught % | I4: Expected % (width / 1 ms) | J4: Idle minus expected (points) | K4: Busy minus idle (pulses)
A5: 2000 | B5: 54000 | C5: =A5*Settings!$B$4 -> 480000 | D5: 512 | E5: 512 | F5: 512 | G5: =D5/F5 -> 1 | H5: =E5/F5 -> 1 | I5: =MIN(1,B5/27000) -> 1 | J5: =(G5-I5)*100 -> 0 | K5: =E5-D5 -> 0
A6: 1000 | B6: 27000 | C6: =A6*Settings!$B$4 -> 240000 | D6: 512 | E6: 512 | F6: 512 | G6: =D6/F6 -> 1 | H6: =E6/F6 -> 1 | I6: =MIN(1,B6/27000) -> 1 | J6: =(G6-I6)*100 -> 0 | K6: =E6-D6 -> 0
A7: 750 | B7: 20250 | C7: =A7*Settings!$B$4 -> 180000 | D7: 380 | E7: 380 | F7: 512 | G7: =D7/F7 -> 0.7421875 | H7: =E7/F7 -> 0.7421875 | I7: =MIN(1,B7/27000) -> 0.75 | J7: =(G7-I7)*100 -> -0.78125 | K7: =E7-D7 -> 0
A8: 500 | B8: 13500 | C8: =A8*Settings!$B$4 -> 120000 | D8: 264 | E8: 264 | F8: 512 | G8: =D8/F8 -> 0.515625 | H8: =E8/F8 -> 0.515625 | I8: =MIN(1,B8/27000) -> 0.5 | J8: =(G8-I8)*100 -> 1.5625 | K8: =E8-D8 -> 0
A9: 250 | B9: 6750 | C9: =A9*Settings!$B$4 -> 60000 | D9: 119 | E9: 119 | F9: 512 | G9: =D9/F9 -> 0.23242188 | H9: =E9/F9 -> 0.23242188 | I9: =MIN(1,B9/27000) -> 0.25 | J9: =(G9-I9)*100 -> -1.7578125 | K9: =E9-D9 -> 0
A10: 100 | B10: 2700 | C10: =A10*Settings!$B$4 -> 24000 | D10: 42 | E10: 42 | F10: 512 | G10: =D10/F10 -> 0.08203125 | H10: =E10/F10 -> 0.08203125 | I10: =MIN(1,B10/27000) -> 0.1 | J10: =(G10-I10)*100 -> -1.796875 | K10: =E10-D10 -> 0
A11: 50 | B11: 1350 | C11: =A11*Settings!$B$4 -> 12000 | D11: 20 | E11: 20 | F11: 512 | G11: =D11/F11 -> 0.0390625 | H11: =E11/F11 -> 0.0390625 | I11: =MIN(1,B11/27000) -> 0.05 | J11: =(G11-I11)*100 -> -1.09375 | K11: =E11-D11 -> 0
A12: 20 | B12: 540 | C12: =A12*Settings!$B$4 -> 4800 | D12: 9 | E12: 9 | F12: 512 | G12: =D12/F12 -> 0.017578125 | H12: =E12/F12 -> 0.017578125 | I12: =MIN(1,B12/27000) -> 0.02 | J12: =(G12-I12)*100 -> -0.2421875 | K12: =E12-D12 -> 0
A13: 10 | B13: 270 | C13: =A13*Settings!$B$4 -> 2400 | D13: 8 | E13: 8 | F13: 512 | G13: =D13/F13 -> 0.015625 | H13: =E13/F13 -> 0.015625 | I13: =MIN(1,B13/27000) -> 0.01 | J13: =(G13-I13)*100 -> 0.5625 | K13: =E13-D13 -> 0
A14: 5 | B14: 135 | C14: =A14*Settings!$B$4 -> 1200 | D14: 2 | E14: 2 | F14: 512 | G14: =D14/F14 -> 0.00390625 | H14: =E14/F14 -> 0.00390625 | I14: =MIN(1,B14/27000) -> 0.005 | J14: =(G14-I14)*100 -> -0.109375 | K14: =E14-D14 -> 0
A15: 2 | B15: 54 | C15: =A15*Settings!$B$4 -> 480 | D15: 0 | E15: 0 | F15: 512 | G15: =D15/F15 -> 0 | H15: =E15/F15 -> 0 | I15: =MIN(1,B15/27000) -> 0.002 | J15: =(G15-I15)*100 -> -0.2 | K15: =E15-D15 -> 0
A16: 1 | B16: 27 | C16: =A16*Settings!$B$4 -> 240 | D16: 0 | E16: 0 | F16: 512 | G16: =D16/F16 -> 0 | H16: =E16/F16 -> 0 | I16: =MIN(1,B16/27000) -> 0.001 | J16: =(G16-I16)*100 -> -0.1 | K16: =E16-D16 -> 0
A18: Source: fpga/board_tests_pulse/card_run_18oct_a/46628cdc-board_results_a.txt. 27,000 in column I is the 1 ms sampling window in clocks (T2). Idle and busy builds catch the same pulses at every width.

Sheet P1 ESP32 pulse
A1: P1: how short a pulse the ESP32 catches (512 pulses per width, Tang drives; ESP32 rising-edge handler toggles an answer pin)
A2: Caught = answer pin changed 185 us after the pulse. Storm = 15,670 other interrupts per second on IO21 with 6 us of work each, compute loop on.
A4: Width (ns) | B4: Width (Tang clocks) | C4: Width in ESP32 cycles | D4: Quiet caught | E4: Storm caught | F4: Pulses per width | G4: Quiet caught % | H4: Storm caught % | I4: Storm lost (pulses)
A5: 100000 | B5: 2700 | C5: =A5*Settings!$B$4/1000 -> 24000 | D5: 512 | E5: 511 | F5: 512 | G5: =D5/F5 -> 1 | H5: =E5/F5 -> 0.99804688 | I5: =F5-E5 -> 1
A6: 50000 | B6: 1350 | C6: =A6*Settings!$B$4/1000 -> 12000 | D6: 512 | E6: 512 | F6: 512 | G6: =D6/F6 -> 1 | H6: =E6/F6 -> 1 | I6: =F6-E6 -> 0
A7: 20000 | B7: 540 | C7: =A7*Settings!$B$4/1000 -> 4800 | D7: 512 | E7: 512 | F7: 512 | G7: =D7/F7 -> 1 | H7: =E7/F7 -> 1 | I7: =F7-E7 -> 0
A8: 10000 | B8: 270 | C8: =A8*Settings!$B$4/1000 -> 2400 | D8: 512 | E8: 512 | F8: 512 | G8: =D8/F8 -> 1 | H8: =E8/F8 -> 1 | I8: =F8-E8 -> 0
A9: 5000 | B9: 135 | C9: =A9*Settings!$B$4/1000 -> 1200 | D9: 512 | E9: 511 | F9: 512 | G9: =D9/F9 -> 1 | H9: =E9/F9 -> 0.99804688 | I9: =F9-E9 -> 1
A10: 2000 | B10: 54 | C10: =A10*Settings!$B$4/1000 -> 480 | D10: 512 | E10: 512 | F10: 512 | G10: =D10/F10 -> 1 | H10: =E10/F10 -> 1 | I10: =F10-E10 -> 0
A11: 1000 | B11: 27 | C11: =A11*Settings!$B$4/1000 -> 240 | D11: 512 | E11: 512 | F11: 512 | G11: =D11/F11 -> 1 | H11: =E11/F11 -> 1 | I11: =F11-E11 -> 0
A12: 593 | B12: 16 | C12: =A12*Settings!$B$4/1000 -> 142.32 | D12: 512 | E12: 512 | F12: 512 | G12: =D12/F12 -> 1 | H12: =E12/F12 -> 1 | I12: =F12-E12 -> 0
A13: 296 | B13: 8 | C13: =A13*Settings!$B$4/1000 -> 71.04 | D13: 512 | E13: 512 | F13: 512 | G13: =D13/F13 -> 1 | H13: =E13/F13 -> 1 | I13: =F13-E13 -> 0
A14: 148 | B14: 4 | C14: =A14*Settings!$B$4/1000 -> 35.52 | D14: 512 | E14: 511 | F14: 512 | G14: =D14/F14 -> 1 | H14: =E14/F14 -> 0.99804688 | I14: =F14-E14 -> 1
A15: 74 | B15: 2 | C15: =A15*Settings!$B$4/1000 -> 17.76 | D15: 512 | E15: 512 | F15: 512 | G15: =D15/F15 -> 1 | H15: =E15/F15 -> 1 | I15: =F15-E15 -> 0
A16: 37 | B16: 1 | C16: =A16*Settings!$B$4/1000 -> 8.88 | D16: 512 | E16: 512 | F16: 512 | G16: =D16/F16 -> 1 | H16: =E16/F16 -> 1 | I16: =F16-E16 -> 0
A17: Total | D17: =SUM(D5:D16) -> 6144 | E17: =SUM(E5:E16) -> 6141 | F17: =SUM(F5:F16) -> 6144 | G17: =D17/F17 -> 1 | H17: =E17/F17 -> 0.99951172 | I17: =F17-E17 -> 3
A19: Source: fpga/board_tests_esp32_pulse/card_run_18oct_a/faa3445f-board_results_a.txt. ESP32 handler runs counted: quiet 6,152 of 6,152 sent; storm 6,149 of 6,152 sent (-3), with 149,167 storm interrupts. The smallest width, 37 ns, is one Tang clock; the ESP32 pin and wire may stretch it, so this is a limit of what the Tang can send, not of the ESP32.
